size,density,noise,neg,start,end,baseline_cost,my_cost,nodes_visited,error,path_length,path,algorithm
10,0.2,0.0,False,0,7,392.0,392.0,2,0.0,2,"[0, 7]",astar
10,0.2,0.0,False,6,4,1014.0,1014.0,3,0.0,3,"[6, 7, 4]",astar
10,0.2,0.0,False,4,8,1081.0,1081.0,3,0.0,3,"[4, 0, 8]",astar
10,0.2,0.0,False,0,6,1199.0,1199.0,4,0.0,3,"[0, 8, 6]",astar
10,0.2,0.0,False,2,0,2400.0,2400.0,7,0.0,5,"[2, 9, 7, 4, 0]",astar
10,0.2,0.0,True,0,7,392.0,392.0,9,0.0,2,"[0, 7]",spfa
10,0.2,0.0,True,6,4,1014.0,1014.0,9,0.0,3,"[6, 7, 4]",spfa
10,0.2,0.0,True,4,8,1081.0,1081.0,9,0.0,3,"[4, 0, 8]",spfa
10,0.2,0.0,True,0,6,1199.0,1199.0,9,0.0,3,"[0, 8, 6]",spfa
10,0.2,0.0,True,2,0,2400.0,2400.0,9,0.0,5,"[2, 9, 7, 4, 0]",spfa
10,0.2,0.1,False,0,7,397.0,397.0,2,0.0,2,"[0, 7]",astar
10,0.2,0.1,False,6,4,1091.0,1091.0,3,0.0,3,"[6, 7, 4]",astar
10,0.2,0.1,False,4,8,1163.0,1163.0,3,0.0,3,"[4, 0, 8]",astar
10,0.2,0.1,False,0,6,1259.0,1259.0,4,0.0,3,"[0, 8, 6]",astar
10,0.2,0.1,False,2,0,2583.0,2583.0,7,0.0,5,"[2, 9, 7, 4, 0]",astar
10,0.2,0.1,True,0,7,301.0,301.0,10,0.0,2,"[0, 7]",spfa
10,0.2,0.1,True,6,4,968.0,968.0,9,0.0,3,"[6, 7, 4]",spfa
10,0.2,0.1,True,4,8,1045.0,1045.0,9,0.0,3,"[4, 0, 8]",spfa
10,0.2,0.1,True,0,6,1119.0,1119.0,10,0.0,3,"[0, 8, 6]",spfa
10,0.2,0.1,True,2,0,2367.0,2367.0,9,0.0,5,"[2, 9, 7, 4, 0]",spfa
10,0.2,0.5,False,0,7,414.0,414.0,2,0.0,2,"[0, 7]",astar
10,0.2,0.5,False,6,4,1396.0,1396.0,3,0.0,3,"[6, 7, 4]",astar
10,0.2,0.5,False,4,8,1492.0,1492.0,3,0.0,3,"[4, 0, 8]",astar
10,0.2,0.5,False,0,6,1501.0,1501.0,4,0.0,3,"[0, 8, 6]",astar
10,0.2,0.5,False,2,0,3315.0,3315.0,7,0.0,5,"[2, 9, 7, 4, 0]",astar
10,0.2,0.5,True,6,4,778.0,778.0,9,0.0,3,"[6, 7, 4]",spfa
10,0.2,0.5,True,4,8,566.0,566.0,11,0.0,4,"[4, 0, 7, 8]",spfa
10,0.2,0.5,True,0,6,466.0,466.0,12,0.0,4,"[0, 7, 8, 6]",spfa
10,0.2,0.5,True,2,0,2229.0,2229.0,9,0.0,5,"[2, 9, 7, 4, 0]",spfa
10,0.2,0.8,False,0,7,428.0,428.0,2,0.0,2,"[0, 7]",astar
10,0.2,0.8,False,6,4,1625.0,1625.0,3,0.0,3,"[6, 7, 4]",astar
10,0.2,0.8,False,4,8,1739.0,1739.0,3,0.0,3,"[4, 0, 8]",astar
10,0.2,0.8,False,0,6,1682.0,1682.0,4,0.0,3,"[0, 8, 6]",astar
10,0.2,0.8,False,2,0,3863.0,3863.0,7,0.0,5,"[2, 9, 7, 4, 0]",astar
10,0.2,0.8,True,6,4,636.0,636.0,9,0.0,3,"[6, 7, 4]",spfa
10,0.2,0.8,True,4,8,164.0,164.0,11,0.0,4,"[4, 0, 7, 8]",spfa
10,0.2,0.8,True,2,0,2127.0,2127.0,9,0.0,5,"[2, 9, 7, 4, 0]",spfa
10,0.5,0.0,False,0,7,392.0,392.0,2,0.0,2,"[0, 7]",astar
10,0.5,0.0,False,6,4,840.0,840.0,3,0.0,3,"[6, 3, 4]",astar
10,0.5,0.0,False,4,8,576.0,576.0,2,0.0,2,"[4, 8]",astar
10,0.5,0.0,False,0,6,405.0,405.0,2,0.0,2,"[0, 6]",astar
10,0.5,0.0,False,2,0,866.0,866.0,2,0.0,2,"[2, 0]",astar
10,0.5,0.0,True,0,7,392.0,392.0,10,0.0,2,"[0, 7]",spfa
10,0.5,0.0,True,6,4,840.0,840.0,10,0.0,3,"[6, 3, 4]",spfa
10,0.5,0.0,True,4,8,576.0,576.0,10,0.0,2,"[4, 8]",spfa
10,0.5,0.0,True,0,6,405.0,405.0,10,0.0,2,"[0, 6]",spfa
10,0.5,0.0,True,2,0,866.0,866.0,10,0.0,2,"[2, 0]",spfa
10,0.5,0.1,False,0,7,397.0,397.0,2,0.0,2,"[0, 7]",astar
10,0.5,0.1,False,6,4,927.0,927.0,3,0.0,3,"[6, 3, 4]",astar
10,0.5,0.1,False,4,8,579.0,579.0,2,0.0,2,"[4, 8]",astar
10,0.5,0.1,False,0,6,452.0,452.0,2,0.0,2,"[0, 6]",astar
10,0.5,0.1,False,2,0,910.0,910.0,2,0.0,2,"[2, 0]",astar
10,0.5,0.1,True,0,7,301.0,301.0,12,0.0,2,"[0, 7]",spfa
10,0.5,0.1,True,6,4,814.0,814.0,10,0.0,3,"[6, 3, 4]",spfa
10,0.5,0.1,True,4,8,482.0,482.0,10,0.0,2,"[4, 8]",spfa
10,0.5,0.1,True,0,6,399.0,399.0,12,0.0,2,"[0, 6]",spfa
10,0.5,0.1,True,2,0,854.0,854.0,10,0.0,2,"[2, 0]",spfa
10,0.5,0.5,False,0,7,414.0,414.0,2,0.0,2,"[0, 7]",astar
10,0.5,0.5,False,6,4,1275.0,1275.0,5,0.0,3,"[6, 3, 4]",astar
10,0.5,0.5,False,4,8,591.0,591.0,2,0.0,2,"[4, 8]",astar
10,0.5,0.5,False,0,6,639.0,639.0,2,0.0,2,"[0, 6]",astar
10,0.5,0.5,False,2,0,1085.0,1085.0,3,0.0,2,"[2, 0]",astar
10,0.5,0.8,False,0,7,428.0,428.0,2,0.0,2,"[0, 7]",astar
10,0.5,0.8,False,6,4,1537.0,1537.0,5,0.0,3,"[6, 3, 4]",astar
10,0.5,0.8,False,4,8,600.0,600.0,2,0.0,2,"[4, 8]",astar
10,0.5,0.8,False,0,6,779.0,779.0,2,0.0,2,"[0, 6]",astar
10,0.5,0.8,False,2,0,1216.0,1216.0,3,0.0,2,"[2, 0]",astar
10,0.8,0.0,False,0,7,392.0,392.0,2,0.0,2,"[0, 7]",astar
10,0.8,0.0,False,6,4,636.0,636.0,2,0.0,2,"[6, 4]",astar
10,0.8,0.0,False,4,8,576.0,576.0,2,0.0,2,"[4, 8]",astar
10,0.8,0.0,False,0,6,405.0,405.0,2,0.0,2,"[0, 6]",astar
10,0.8,0.0,False,2,0,866.0,866.0,2,0.0,2,"[2, 0]",astar
10,0.8,0.0,True,0,7,392.0,392.0,10,0.0,2,"[0, 7]",spfa
10,0.8,0.0,True,6,4,636.0,636.0,10,0.0,2,"[6, 4]",spfa
10,0.8,0.0,True,4,8,576.0,576.0,10,0.0,2,"[4, 8]",spfa
10,0.8,0.0,True,0,6,405.0,405.0,10,0.0,2,"[0, 6]",spfa
10,0.8,0.0,True,2,0,866.0,866.0,10,0.0,2,"[2, 0]",spfa
10,0.8,0.1,False,0,7,397.0,397.0,2,0.0,2,"[0, 7]",astar
10,0.8,0.1,False,6,4,638.0,638.0,2,0.0,2,"[6, 4]",astar
10,0.8,0.1,False,4,8,579.0,579.0,2,0.0,2,"[4, 8]",astar
10,0.8,0.1,False,0,6,452.0,452.0,2,0.0,2,"[0, 6]",astar
10,0.8,0.1,False,2,0,910.0,910.0,2,0.0,2,"[2, 0]",astar
10,0.8,0.1,True,0,7,301.0,301.0,12,0.0,2,"[0, 7]",spfa
10,0.8,0.1,True,6,4,541.0,541.0,11,0.0,2,"[6, 4]",spfa
10,0.8,0.1,True,4,8,482.0,482.0,11,0.0,2,"[4, 8]",spfa
10,0.8,0.1,True,0,6,399.0,399.0,12,0.0,2,"[0, 6]",spfa
10,0.8,0.1,True,2,0,854.0,854.0,14,0.0,2,"[2, 0]",spfa
10,0.8,0.5,False,0,7,414.0,414.0,2,0.0,2,"[0, 7]",astar
10,0.8,0.5,False,6,4,647.0,647.0,2,0.0,2,"[6, 4]",astar
10,0.8,0.5,False,4,8,591.0,591.0,2,0.0,2,"[4, 8]",astar
10,0.8,0.5,False,0,6,639.0,639.0,2,0.0,2,"[0, 6]",astar
10,0.8,0.5,False,2,0,1085.0,1085.0,3,0.0,2,"[2, 0]",astar
10,0.8,0.8,False,0,7,428.0,428.0,2,0.0,2,"[0, 7]",astar
10,0.8,0.8,False,6,4,654.0,654.0,2,0.0,2,"[6, 4]",astar
10,0.8,0.8,False,4,8,600.0,600.0,2,0.0,2,"[4, 8]",astar
10,0.8,0.8,False,0,6,779.0,779.0,2,0.0,2,"[0, 6]",astar
10,0.8,0.8,False,2,0,1216.0,1216.0,3,0.0,2,"[2, 0]",astar
10,1.0,0.0,False,0,7,392.0,392.0,2,0.0,2,"[0, 7]",astar
10,1.0,0.0,False,6,4,636.0,636.0,2,0.0,2,"[6, 4]",astar
10,1.0,0.0,False,4,8,576.0,576.0,2,0.0,2,"[4, 8]",astar
10,1.0,0.0,False,0,6,405.0,405.0,2,0.0,2,"[0, 6]",astar
10,1.0,0.0,False,2,0,866.0,866.0,2,0.0,2,"[2, 0]",astar
10,1.0,0.0,True,0,7,392.0,392.0,10,0.0,2,"[0, 7]",spfa
10,1.0,0.0,True,6,4,636.0,636.0,10,0.0,2,"[6, 4]",spfa
10,1.0,0.0,True,4,8,576.0,576.0,10,0.0,2,"[4, 8]",spfa
10,1.0,0.0,True,0,6,405.0,405.0,10,0.0,2,"[0, 6]",spfa
10,1.0,0.0,True,2,0,866.0,866.0,10,0.0,2,"[2, 0]",spfa
10,1.0,0.1,False,0,7,397.0,397.0,2,0.0,2,"[0, 7]",astar
10,1.0,0.1,False,6,4,638.0,638.0,2,0.0,2,"[6, 4]",astar
10,1.0,0.1,False,4,8,579.0,579.0,2,0.0,2,"[4, 8]",astar
10,1.0,0.1,False,0,6,452.0,452.0,2,0.0,2,"[0, 6]",astar
10,1.0,0.1,False,2,0,910.0,910.0,2,0.0,2,"[2, 0]",astar
10,1.0,0.1,True,0,7,301.0,301.0,12,0.0,2,"[0, 7]",spfa
10,1.0,0.1,True,6,4,541.0,541.0,13,0.0,2,"[6, 4]",spfa
10,1.0,0.1,True,4,8,468.0,468.0,13,0.0,3,"[4, 7, 8]",spfa
10,1.0,0.1,True,0,6,399.0,399.0,12,0.0,2,"[0, 6]",spfa
10,1.0,0.1,True,2,0,854.0,854.0,14,0.0,2,"[2, 0]",spfa
10,1.0,0.5,False,0,7,414.0,414.0,2,0.0,2,"[0, 7]",astar
10,1.0,0.5,False,6,4,647.0,647.0,2,0.0,2,"[6, 4]",astar
10,1.0,0.5,False,4,8,591.0,591.0,2,0.0,2,"[4, 8]",astar
10,1.0,0.5,False,0,6,639.0,639.0,2,0.0,2,"[0, 6]",astar
10,1.0,0.5,False,2,0,1085.0,1085.0,3,0.0,2,"[2, 0]",astar
10,1.0,0.8,False,0,7,428.0,428.0,2,0.0,2,"[0, 7]",astar
10,1.0,0.8,False,6,4,654.0,654.0,2,0.0,2,"[6, 4]",astar
10,1.0,0.8,False,4,8,600.0,600.0,2,0.0,2,"[4, 8]",astar
10,1.0,0.8,False,0,6,779.0,779.0,2,0.0,2,"[0, 6]",astar
10,1.0,0.8,False,2,0,1216.0,1216.0,3,0.0,2,"[2, 0]",astar
20,0.2,0.0,False,1,15,1282.0,1282.0,4,0.0,4,"[1, 12, 0, 15]",astar
20,0.2,0.0,False,13,8,760.0,760.0,5,0.0,4,"[13, 17, 16, 8]",astar
20,0.2,0.0,False,8,17,1047.0,1047.0,5,0.0,4,"[8, 18, 4, 17]",astar
20,0.2,0.0,False,1,13,762.0,762.0,2,0.0,2,"[1, 13]",astar
20,0.2,0.0,False,4,1,1286.0,1286.0,11,0.0,4,"[4, 17, 16, 1]",astar
20,0.2,0.0,True,1,15,1282.0,1282.0,22,0.0,4,"[1, 12, 0, 15]",spfa
20,0.2,0.0,True,13,8,760.0,760.0,28,0.0,4,"[13, 17, 16, 8]",spfa
20,0.2,0.0,True,8,17,1047.0,1047.0,20,0.0,4,"[8, 18, 4, 17]",spfa
20,0.2,0.0,True,1,13,762.0,762.0,22,0.0,2,"[1, 13]",spfa
20,0.2,0.0,True,4,1,1286.0,1286.0,20,0.0,4,"[4, 17, 16, 1]",spfa
20,0.2,0.1,False,1,15,1451.0,1451.0,5,0.0,4,"[1, 12, 0, 15]",astar
20,0.2,0.1,False,13,8,944.0,944.0,4,0.0,4,"[13, 17, 16, 8]",astar
20,0.2,0.1,False,8,17,1287.0,1287.0,6,0.0,4,"[8, 18, 4, 17]",astar
20,0.2,0.1,False,1,13,785.0,785.0,2,0.0,2,"[1, 13]",astar
20,0.2,0.1,False,4,1,1429.0,1429.0,12,0.0,4,"[4, 17, 16, 1]",astar
20,0.2,0.1,True,1,15,1297.0,1297.0,23,0.0,5,"[1, 12, 0, 3, 15]",spfa
20,0.2,0.1,True,13,8,828.0,828.0,26,0.0,4,"[13, 17, 16, 8]",spfa
20,0.2,0.1,True,8,17,1228.0,1228.0,22,0.0,4,"[8, 18, 4, 17]",spfa
20,0.2,0.1,True,1,13,709.0,709.0,23,0.0,2,"[1, 13]",spfa
20,0.2,0.1,True,4,1,1271.0,1271.0,27,0.0,4,"[4, 17, 16, 1]",spfa
20,0.2,0.5,False,1,15,2007.0,2007.0,8,0.0,3,"[1, 13, 15]",astar
20,0.2,0.5,False,13,8,1682.0,1682.0,4,0.0,4,"[13, 17, 16, 8]",astar
20,0.2,0.5,False,8,17,2250.0,2250.0,10,0.0,4,"[8, 18, 4, 17]",astar
20,0.2,0.5,False,1,13,879.0,879.0,3,0.0,2,"[1, 13]",astar
20,0.2,0.5,False,4,1,2000.0,2000.0,14,0.0,4,"[4, 17, 16, 1]",astar
20,0.2,0.5,True,1,15,1288.0,1288.0,24,0.0,3,"[1, 13, 15]",spfa
20,0.2,0.5,True,13,8,1104.0,1104.0,27,0.0,4,"[13, 17, 16, 8]",spfa
20,0.2,0.5,True,8,17,1156.0,1156.0,27,0.0,6,"[8, 7, 14, 2, 4, 17]",spfa
20,0.2,0.5,True,1,13,496.0,496.0,24,0.0,2,"[1, 13]",spfa
20,0.2,0.5,True,4,1,1214.0,1214.0,40,0.0,4,"[4, 17, 16, 1]",spfa
20,0.2,0.8,False,1,15,2176.0,2176.0,6,0.0,3,"[1, 13, 15]",astar
20,0.2,0.8,False,13,8,2234.0,2234.0,6,0.0,4,"[13, 17, 16, 8]",astar
20,0.2,0.8,False,8,17,2973.0,2973.0,13,0.0,4,"[8, 18, 4, 17]",astar
20,0.2,0.8,False,1,13,949.0,949.0,3,0.0,2,"[1, 13]",astar
20,0.2,0.8,False,4,1,2428.0,2428.0,13,0.0,4,"[4, 17, 16, 1]",astar
20,0.5,0.0,False,1,15,293.0,293.0,2,0.0,2,"[1, 15]",astar
20,0.5,0.0,False,13,8,90.0,90.0,2,0.0,2,"[13, 8]",astar
20,0.5,0.0,False,8,17,152.0,152.0,2,0.0,2,"[8, 17]",astar
20,0.5,0.0,False,1,13,762.0,762.0,2,0.0,2,"[1, 13]",astar
20,0.5,0.0,False,4,1,771.0,771.0,2,0.0,2,"[4, 1]",astar
20,0.5,0.0,True,1,15,293.0,293.0,21,0.0,2,"[1, 15]",spfa
20,0.5,0.0,True,13,8,90.0,90.0,23,0.0,2,"[13, 8]",spfa
20,0.5,0.0,True,8,17,152.0,152.0,20,0.0,2,"[8, 17]",spfa
20,0.5,0.0,True,1,13,762.0,762.0,21,0.0,2,"[1, 13]",spfa
20,0.5,0.0,True,4,1,771.0,771.0,22,0.0,2,"[4, 1]",spfa
20,0.5,0.1,False,1,15,321.0,321.0,2,0.0,2,"[1, 15]",astar
20,0.5,0.1,False,13,8,117.0,117.0,2,0.0,2,"[13, 8]",astar
20,0.5,0.1,False,8,17,164.0,164.0,2,0.0,2,"[8, 17]",astar
20,0.5,0.1,False,1,13,785.0,785.0,2,0.0,2,"[1, 13]",astar
20,0.5,0.1,False,4,1,836.0,836.0,2,0.0,2,"[4, 1]",astar
20,0.5,0.1,True,1,15,249.0,249.0,21,0.0,2,"[1, 15]",spfa
20,0.5,0.1,True,13,8,43.0,43.0,26,0.0,2,"[13, 8]",spfa
20,0.5,0.1,True,8,17,76.0,76.0,27,0.0,2,"[8, 17]",spfa
20,0.5,0.1,True,1,13,676.0,676.0,21,0.0,3,"[1, 10, 13]",spfa
20,0.5,0.1,True,4,1,801.0,801.0,25,0.0,2,"[4, 1]",spfa
20,0.5,0.5,False,1,15,434.0,434.0,2,0.0,2,"[1, 15]",astar
20,0.5,0.5,False,13,8,223.0,223.0,2,0.0,2,"[13, 8]",astar
20,0.5,0.5,False,8,17,214.0,214.0,2,0.0,2,"[8, 17]",astar
20,0.5,0.5,False,1,13,879.0,879.0,3,0.0,2,"[1, 13]",astar
20,0.5,0.5,False,4,1,1096.0,1096.0,3,0.0,2,"[4, 1]",astar
20,0.5,0.8,False,1,15,518.0,518.0,2,0.0,2,"[1, 15]",astar
20,0.5,0.8,False,13,8,303.0,303.0,2,0.0,2,"[13, 8]",astar
20,0.5,0.8,False,8,17,251.0,251.0,2,0.0,2,"[8, 17]",astar
20,0.5,0.8,False,1,13,949.0,949.0,3,0.0,2,"[1, 13]",astar
20,0.5,0.8,False,4,1,1291.0,1291.0,4,0.0,2,"[4, 1]",astar
20,0.8,0.0,False,1,15,293.0,293.0,2,0.0,2,"[1, 15]",astar
20,0.8,0.0,False,13,8,90.0,90.0,2,0.0,2,"[13, 8]",astar
20,0.8,0.0,False,8,17,152.0,152.0,2,0.0,2,"[8, 17]",astar
20,0.8,0.0,False,1,13,762.0,762.0,2,0.0,2,"[1, 13]",astar
20,0.8,0.0,False,4,1,771.0,771.0,2,0.0,2,"[4, 1]",astar
20,0.8,0.0,True,1,15,293.0,293.0,20,0.0,2,"[1, 15]",spfa
20,0.8,0.0,True,13,8,90.0,90.0,20,0.0,2,"[13, 8]",spfa
20,0.8,0.0,True,8,17,152.0,152.0,20,0.0,2,"[8, 17]",spfa
20,0.8,0.0,True,1,13,762.0,762.0,20,0.0,2,"[1, 13]",spfa
20,0.8,0.0,True,4,1,771.0,771.0,20,0.0,2,"[4, 1]",spfa
20,0.8,0.1,False,1,15,321.0,321.0,2,0.0,2,"[1, 15]",astar
20,0.8,0.1,False,13,8,117.0,117.0,2,0.0,2,"[13, 8]",astar
20,0.8,0.1,False,8,17,164.0,164.0,2,0.0,2,"[8, 17]",astar
20,0.8,0.1,False,1,13,785.0,785.0,2,0.0,2,"[1, 13]",astar
20,0.8,0.1,False,4,1,836.0,836.0,2,0.0,2,"[4, 1]",astar
20,0.8,0.1,True,1,15,249.0,249.0,32,0.0,2,"[1, 15]",spfa
20,0.8,0.1,True,13,8,43.0,43.0,27,0.0,2,"[13, 8]",spfa
20,0.8,0.1,True,8,17,76.0,76.0,31,0.0,2,"[8, 17]",spfa
20,0.8,0.1,True,1,13,622.0,622.0,32,0.0,5,"[1, 9, 0, 10, 13]",spfa
20,0.8,0.1,True,4,1,801.0,801.0,24,0.0,2,"[4, 1]",spfa
20,0.8,0.5,False,1,15,434.0,434.0,2,0.0,2,"[1, 15]",astar
20,0.8,0.5,False,13,8,223.0,223.0,2,0.0,2,"[13, 8]",astar
20,0.8,0.5,False,8,17,214.0,214.0,2,0.0,2,"[8, 17]",astar
20,0.8,0.5,False,1,13,879.0,879.0,3,0.0,2,"[1, 13]",astar
20,0.8,0.5,False,4,1,1096.0,1096.0,5,0.0,2,"[4, 1]",astar
20,0.8,0.8,False,1,15,518.0,518.0,2,0.0,2,"[1, 15]",astar
20,0.8,0.8,False,13,8,303.0,303.0,2,0.0,2,"[13, 8]",astar
20,0.8,0.8,False,8,17,251.0,251.0,2,0.0,2,"[8, 17]",astar
20,0.8,0.8,False,1,13,949.0,949.0,3,0.0,2,"[1, 13]",astar
20,0.8,0.8,False,4,1,1291.0,1291.0,6,0.0,2,"[4, 1]",astar
20,1.0,0.0,False,1,15,293.0,293.0,2,0.0,2,"[1, 15]",astar
20,1.0,0.0,False,13,8,90.0,90.0,2,0.0,2,"[13, 8]",astar
20,1.0,0.0,False,8,17,152.0,152.0,2,0.0,2,"[8, 17]",astar
20,1.0,0.0,False,1,13,762.0,762.0,2,0.0,2,"[1, 13]",astar
20,1.0,0.0,False,4,1,771.0,771.0,2,0.0,2,"[4, 1]",astar
20,1.0,0.0,True,1,15,293.0,293.0,20,0.0,2,"[1, 15]",spfa
20,1.0,0.0,True,13,8,90.0,90.0,21,0.0,2,"[13, 8]",spfa
20,1.0,0.0,True,8,17,152.0,152.0,20,0.0,2,"[8, 17]",spfa
20,1.0,0.0,True,1,13,762.0,762.0,20,0.0,2,"[1, 13]",spfa
20,1.0,0.0,True,4,1,771.0,771.0,20,0.0,2,"[4, 1]",spfa
20,1.0,0.1,False,1,15,321.0,321.0,2,0.0,2,"[1, 15]",astar
20,1.0,0.1,False,13,8,117.0,117.0,2,0.0,2,"[13, 8]",astar
20,1.0,0.1,False,8,17,164.0,164.0,2,0.0,2,"[8, 17]",astar
20,1.0,0.1,False,1,13,785.0,785.0,2,0.0,2,"[1, 13]",astar
20,1.0,0.1,False,4,1,836.0,836.0,2,0.0,2,"[4, 1]",astar
20,1.0,0.1,True,1,15,249.0,249.0,37,0.0,2,"[1, 15]",spfa
20,1.0,0.1,True,13,8,43.0,43.0,36,0.0,2,"[13, 8]",spfa
20,1.0,0.1,True,8,17,76.0,76.0,33,0.0,2,"[8, 17]",spfa
20,1.0,0.1,True,1,13,622.0,622.0,37,0.0,5,"[1, 9, 0, 10, 13]",spfa
20,1.0,0.1,True,4,1,697.0,697.0,31,0.0,3,"[4, 19, 1]",spfa
20,1.0,0.5,False,1,15,434.0,434.0,2,0.0,2,"[1, 15]",astar
20,1.0,0.5,False,13,8,223.0,223.0,2,0.0,2,"[13, 8]",astar
20,1.0,0.5,False,8,17,214.0,214.0,2,0.0,2,"[8, 17]",astar
20,1.0,0.5,False,1,13,879.0,879.0,3,0.0,2,"[1, 13]",astar
20,1.0,0.5,False,4,1,932.0,932.0,3,0.0,3,"[4, 19, 1]",astar
20,1.0,0.8,False,1,15,518.0,518.0,2,0.0,2,"[1, 15]",astar
20,1.0,0.8,False,13,8,303.0,303.0,2,0.0,2,"[13, 8]",astar
20,1.0,0.8,False,8,17,251.0,251.0,2,0.0,2,"[8, 17]",astar
20,1.0,0.8,False,1,13,949.0,949.0,3,0.0,2,"[1, 13]",astar
20,1.0,0.8,False,4,1,968.0,968.0,3,0.0,3,"[4, 19, 1]",astar
50,0.2,0.0,False,4,38,691.0,691.0,5,0.0,4,"[4, 14, 18, 38]",astar
50,0.2,0.0,False,32,21,250.0,250.0,2,0.0,2,"[32, 21]",astar
50,0.2,0.0,False,21,42,713.0,713.0,2,0.0,2,"[21, 42]",astar
50,0.2,0.0,False,4,34,1116.0,1116.0,12,0.0,3,"[4, 13, 34]",astar
50,0.2,0.0,False,10,4,815.0,815.0,10,0.0,4,"[10, 43, 0, 4]",astar
50,0.2,0.0,True,4,38,691.0,691.0,58,0.0,4,"[4, 14, 18, 38]",spfa
50,0.2,0.0,True,32,21,250.0,250.0,51,0.0,2,"[32, 21]",spfa
50,0.2,0.0,True,21,42,713.0,713.0,58,0.0,2,"[21, 42]",spfa
50,0.2,0.0,True,4,34,1116.0,1116.0,58,0.0,3,"[4, 13, 34]",spfa
50,0.2,0.0,True,10,4,815.0,815.0,52,0.0,4,"[10, 43, 0, 4]",spfa
50,0.2,0.1,False,4,38,834.0,834.0,6,0.0,4,"[4, 14, 18, 38]",astar
50,0.2,0.1,False,32,21,272.0,272.0,2,0.0,2,"[32, 21]",astar
50,0.2,0.1,False,21,42,801.0,801.0,5,0.0,2,"[21, 42]",astar
50,0.2,0.1,False,4,34,1251.0,1251.0,17,0.0,3,"[4, 13, 34]",astar
50,0.2,0.1,False,10,4,910.0,910.0,12,0.0,4,"[10, 43, 38, 4]",astar
50,0.2,0.1,True,4,38,662.0,662.0,66,0.0,4,"[4, 14, 5, 38]",spfa
50,0.2,0.1,True,32,21,194.0,194.0,53,0.0,2,"[32, 21]",spfa
50,0.2,0.1,True,21,42,732.0,732.0,63,0.0,4,"[21, 40, 16, 42]",spfa
50,0.2,0.1,True,4,34,983.0,983.0,66,0.0,5,"[4, 47, 46, 7, 34]",spfa
50,0.2,0.1,True,10,4,665.0,665.0,60,0.0,4,"[10, 43, 38, 4]",spfa
50,0.2,0.5,False,4,38,1150.0,1150.0,6,0.0,4,"[4, 14, 5, 38]",astar
50,0.2,0.5,False,32,21,360.0,360.0,2,0.0,2,"[32, 21]",astar
50,0.2,0.5,False,21,42,1151.0,1151.0,7,0.0,2,"[21, 42]",astar
50,0.2,0.5,False,4,34,1524.0,1524.0,16,0.0,4,"[4, 14, 7, 34]",astar
50,0.2,0.5,False,10,4,1130.0,1130.0,11,0.0,4,"[10, 43, 38, 4]",astar
50,0.2,0.8,False,4,38,1339.0,1339.0,7,0.0,4,"[4, 14, 5, 38]",astar
50,0.2,0.8,False,32,21,426.0,426.0,2,0.0,2,"[32, 21]",astar
50,0.2,0.8,False,21,42,1413.0,1413.0,7,0.0,2,"[21, 42]",astar
50,0.2,0.8,False,4,34,1697.0,1697.0,17,0.0,4,"[4, 14, 7, 34]",astar
50,0.2,0.8,False,10,4,1295.0,1295.0,15,0.0,4,"[10, 43, 38, 4]",astar
50,0.5,0.0,False,4,38,269.0,269.0,2,0.0,2,"[4, 38]",astar
50,0.5,0.0,False,32,21,250.0,250.0,2,0.0,2,"[32, 21]",astar
50,0.5,0.0,False,21,42,713.0,713.0,2,0.0,2,"[21, 42]",astar
50,0.5,0.0,False,4,34,206.0,206.0,4,0.0,3,"[4, 44, 34]",astar
50,0.5,0.0,False,10,4,661.0,661.0,8,0.0,3,"[10, 21, 4]",astar
50,0.5,0.0,True,4,38,269.0,269.0,52,0.0,2,"[4, 38]",spfa
50,0.5,0.0,True,32,21,250.0,250.0,51,0.0,2,"[32, 21]",spfa
50,0.5,0.0,True,21,42,713.0,713.0,52,0.0,2,"[21, 42]",spfa
50,0.5,0.0,True,4,34,206.0,206.0,52,0.0,3,"[4, 44, 34]",spfa
50,0.5,0.0,True,10,4,661.0,661.0,52,0.0,3,"[10, 21, 4]",spfa
50,0.5,0.1,False,4,38,277.0,277.0,2,0.0,2,"[4, 38]",astar
50,0.5,0.1,False,32,21,272.0,272.0,2,0.0,2,"[32, 21]",astar
50,0.5,0.1,False,21,42,758.0,758.0,5,0.0,3,"[21, 33, 42]",astar
50,0.5,0.1,False,4,34,285.0,285.0,4,0.0,4,"[4, 18, 44, 34]",astar
50,0.5,0.1,False,10,4,741.0,741.0,10,0.0,3,"[10, 23, 4]",astar
50,0.5,0.1,True,4,38,151.0,151.0,102,0.0,4,"[4, 18, 44, 38]",spfa
50,0.5,0.1,True,32,21,194.0,194.0,62,0.0,2,"[32, 21]",spfa
50,0.5,0.1,True,21,42,598.0,598.0,84,0.0,3,"[21, 33, 42]",spfa
50,0.5,0.1,True,4,34,60.0,60.0,102,0.0,4,"[4, 18, 44, 34]",spfa
50,0.5,0.1,True,10,4,582.0,582.0,73,0.0,5,"[10, 43, 30, 23, 4]",spfa
50,0.5,0.5,False,4,38,311.0,311.0,2,0.0,2,"[4, 38]",astar
50,0.5,0.5,False,32,21,360.0,360.0,2,0.0,2,"[32, 21]",astar
50,0.5,0.5,False,21,42,915.0,915.0,8,0.0,3,"[21, 33, 42]",astar
50,0.5,0.5,False,4,34,584.0,584.0,4,0.0,4,"[4, 18, 44, 34]",astar
50,0.5,0.5,False,10,4,976.0,976.0,12,0.0,3,"[10, 23, 4]",astar
50,0.5,0.8,False,4,38,336.0,336.0,2,0.0,2,"[4, 38]",astar
50,0.5,0.8,False,32,21,426.0,426.0,2,0.0,2,"[32, 21]",astar
50,0.5,0.8,False,21,42,1033.0,1033.0,8,0.0,3,"[21, 33, 42]",astar
50,0.5,0.8,False,4,34,807.0,807.0,8,0.0,4,"[4, 18, 44, 34]",astar
50,0.5,0.8,False,10,4,1117.0,1117.0,12,0.0,3,"[10, 19, 4]",astar
50,0.8,0.0,False,4,38,269.0,269.0,2,0.0,2,"[4, 38]",astar
50,0.8,0.0,False,32,21,250.0,250.0,2,0.0,2,"[32, 21]",astar
50,0.8,0.0,False,21,42,713.0,713.0,2,0.0,2,"[21, 42]",astar
50,0.8,0.0,False,4,34,98.0,98.0,2,0.0,2,"[4, 34]",astar
50,0.8,0.0,False,10,4,637.0,637.0,2,0.0,2,"[10, 4]",astar
50,0.8,0.0,True,4,38,269.0,269.0,50,0.0,2,"[4, 38]",spfa
50,0.8,0.0,True,32,21,250.0,250.0,50,0.0,2,"[32, 21]",spfa
50,0.8,0.0,True,21,42,713.0,713.0,51,0.0,2,"[21, 42]",spfa
50,0.8,0.0,True,4,34,98.0,98.0,50,0.0,2,"[4, 34]",spfa
50,0.8,0.0,True,10,4,637.0,637.0,52,0.0,2,"[10, 4]",spfa
50,0.8,0.1,False,4,38,277.0,277.0,2,0.0,2,"[4, 38]",astar
50,0.8,0.1,False,32,21,272.0,272.0,2,0.0,2,"[32, 21]",astar
50,0.8,0.1,False,21,42,758.0,758.0,5,0.0,3,"[21, 33, 42]",astar
50,0.8,0.1,False,4,34,111.0,111.0,2,0.0,2,"[4, 34]",astar
50,0.8,0.1,False,10,4,720.0,720.0,9,0.0,3,"[10, 46, 4]",astar
50,0.8,0.5,False,4,38,311.0,311.0,2,0.0,2,"[4, 38]",astar
50,0.8,0.5,False,32,21,360.0,360.0,2,0.0,2,"[32, 21]",astar
50,0.8,0.5,False,21,42,915.0,915.0,9,0.0,3,"[21, 33, 42]",astar
50,0.8,0.5,False,4,34,164.0,164.0,2,0.0,2,"[4, 34]",astar
50,0.8,0.5,False,10,4,828.0,828.0,11,0.0,3,"[10, 7, 4]",astar
50,0.8,0.8,False,4,38,336.0,336.0,2,0.0,2,"[4, 38]",astar
50,0.8,0.8,False,32,21,426.0,426.0,2,0.0,2,"[32, 21]",astar
50,0.8,0.8,False,21,42,1033.0,1033.0,9,0.0,3,"[21, 33, 42]",astar
50,0.8,0.8,False,4,34,204.0,204.0,2,0.0,2,"[4, 34]",astar
50,0.8,0.8,False,10,4,891.0,891.0,12,0.0,3,"[10, 7, 4]",astar
50,1.0,0.0,False,4,38,269.0,269.0,2,0.0,2,"[4, 38]",astar
50,1.0,0.0,False,32,21,250.0,250.0,2,0.0,2,"[32, 21]",astar
50,1.0,0.0,False,21,42,713.0,713.0,2,0.0,2,"[21, 42]",astar
50,1.0,0.0,False,4,34,98.0,98.0,2,0.0,2,"[4, 34]",astar
50,1.0,0.0,False,10,4,637.0,637.0,2,0.0,2,"[10, 4]",astar
50,1.0,0.0,True,4,38,269.0,269.0,50,0.0,2,"[4, 38]",spfa
50,1.0,0.0,True,32,21,250.0,250.0,50,0.0,2,"[32, 21]",spfa
50,1.0,0.0,True,21,42,713.0,713.0,52,0.0,2,"[21, 42]",spfa
50,1.0,0.0,True,4,34,98.0,98.0,50,0.0,2,"[4, 34]",spfa
50,1.0,0.0,True,10,4,637.0,637.0,51,0.0,2,"[10, 4]",spfa
50,1.0,0.1,False,4,38,277.0,277.0,2,0.0,2,"[4, 38]",astar
50,1.0,0.1,False,32,21,272.0,272.0,2,0.0,2,"[32, 21]",astar
50,1.0,0.1,False,21,42,758.0,758.0,5,0.0,3,"[21, 33, 42]",astar
50,1.0,0.1,False,4,34,111.0,111.0,2,0.0,2,"[4, 34]",astar
50,1.0,0.1,False,10,4,720.0,720.0,9,0.0,3,"[10, 46, 4]",astar
50,1.0,0.5,False,4,38,311.0,311.0,2,0.0,2,"[4, 38]",astar
50,1.0,0.5,False,32,21,360.0,360.0,2,0.0,2,"[32, 21]",astar
50,1.0,0.5,False,21,42,895.0,895.0,11,0.0,3,"[21, 10, 42]",astar
50,1.0,0.5,False,4,34,164.0,164.0,2,0.0,2,"[4, 34]",astar
50,1.0,0.5,False,10,4,828.0,828.0,12,0.0,3,"[10, 7, 4]",astar
50,1.0,0.8,False,4,38,336.0,336.0,2,0.0,2,"[4, 38]",astar
50,1.0,0.8,False,32,21,426.0,426.0,2,0.0,2,"[32, 21]",astar
50,1.0,0.8,False,21,42,920.0,920.0,7,0.0,3,"[21, 10, 42]",astar
50,1.0,0.8,False,4,34,204.0,204.0,2,0.0,2,"[4, 34]",astar
50,1.0,0.8,False,10,4,891.0,891.0,13,0.0,3,"[10, 7, 4]",astar
100,0.2,0.0,False,8,77,994.0,994.0,18,0.0,4,"[8, 59, 73, 77]",astar
100,0.2,0.0,False,65,43,729.0,729.0,3,0.0,3,"[65, 30, 43]",astar
100,0.2,0.0,False,43,85,545.0,545.0,4,0.0,3,"[43, 0, 85]",astar
100,0.2,0.0,False,8,69,459.0,459.0,3,0.0,3,"[8, 94, 69]",astar
100,0.2,0.0,False,20,9,439.0,439.0,2,0.0,2,"[20, 9]",astar
100,0.2,0.0,True,8,77,994.0,994.0,121,0.0,4,"[8, 59, 73, 77]",spfa
100,0.2,0.0,True,65,43,729.0,729.0,108,0.0,3,"[65, 30, 43]",spfa
100,0.2,0.0,True,43,85,545.0,545.0,116,0.0,3,"[43, 0, 85]",spfa
100,0.2,0.0,True,8,69,459.0,459.0,121,0.0,3,"[8, 94, 69]",spfa
100,0.2,0.0,True,20,9,439.0,439.0,114,0.0,2,"[20, 9]",spfa
100,0.2,0.1,False,8,77,1108.0,1108.0,21,0.0,4,"[8, 59, 73, 77]",astar
100,0.2,0.1,False,65,43,839.0,839.0,3,0.0,3,"[65, 30, 43]",astar
100,0.2,0.1,False,43,85,589.0,589.0,4,0.0,3,"[43, 0, 85]",astar
100,0.2,0.1,False,8,69,605.0,605.0,3,0.0,3,"[8, 94, 69]",astar
100,0.2,0.1,False,20,9,450.0,450.0,2,0.0,2,"[20, 9]",astar
100,0.2,0.1,True,8,77,924.0,924.0,144,0.0,4,"[8, 59, 73, 77]",spfa
100,0.2,0.1,True,65,43,750.0,750.0,129,0.0,3,"[65, 30, 43]",spfa
100,0.2,0.1,True,43,85,432.0,432.0,138,0.0,3,"[43, 0, 85]",spfa
100,0.2,0.1,True,8,69,551.0,551.0,144,0.0,3,"[8, 94, 69]",spfa
100,0.2,0.1,True,20,9,360.0,360.0,123,0.0,2,"[20, 9]",spfa
100,0.2,0.5,False,8,77,1508.0,1508.0,26,0.0,4,"[8, 94, 43, 77]",astar
100,0.2,0.5,False,65,43,1282.0,1282.0,18,0.0,3,"[65, 30, 43]",astar
100,0.2,0.5,False,43,85,763.0,763.0,4,0.0,3,"[43, 0, 85]",astar
100,0.2,0.5,False,8,69,1188.0,1188.0,4,0.0,3,"[8, 94, 69]",astar
100,0.2,0.5,False,20,9,491.0,491.0,2,0.0,2,"[20, 9]",astar
100,0.2,0.8,False,8,77,1719.0,1719.0,28,0.0,5,"[8, 96, 54, 49, 77]",astar
100,0.2,0.8,False,65,43,1557.0,1557.0,24,0.0,4,"[65, 10, 30, 43]",astar
100,0.2,0.8,False,43,85,894.0,894.0,7,0.0,3,"[43, 0, 85]",astar
100,0.2,0.8,False,8,69,1625.0,1625.0,13,0.0,3,"[8, 94, 69]",astar
100,0.2,0.8,False,20,9,523.0,523.0,2,0.0,2,"[20, 9]",astar
100,0.5,0.0,False,8,77,755.0,755.0,3,0.0,3,"[8, 17, 77]",astar
100,0.5,0.0,False,65,43,729.0,729.0,3,0.0,3,"[65, 30, 43]",astar
100,0.5,0.0,False,43,85,435.0,435.0,2,0.0,2,"[43, 85]",astar
100,0.5,0.0,False,8,69,229.0,229.0,2,0.0,2,"[8, 69]",astar
100,0.5,0.0,False,20,9,439.0,439.0,2,0.0,2,"[20, 9]",astar
100,0.5,0.0,True,8,77,755.0,755.0,103,0.0,3,"[8, 17, 77]",spfa
100,0.5,0.0,True,65,43,729.0,729.0,101,0.0,3,"[65, 30, 43]",spfa
100,0.5,0.0,True,43,85,435.0,435.0,102,0.0,2,"[43, 85]",spfa
100,0.5,0.0,True,8,69,229.0,229.0,103,0.0,2,"[8, 69]",spfa
100,0.5,0.0,True,20,9,439.0,439.0,107,0.0,2,"[20, 9]",spfa
100,0.5,0.1,False,8,77,840.0,840.0,9,0.0,3,"[8, 53, 77]",astar
100,0.5,0.1,False,65,43,839.0,839.0,7,0.0,3,"[65, 30, 43]",astar
100,0.5,0.1,False,43,85,512.0,512.0,4,0.0,2,"[43, 85]",astar
100,0.5,0.1,False,8,69,269.0,269.0,2,0.0,2,"[8, 69]",astar
100,0.5,0.1,False,20,9,450.0,450.0,2,0.0,2,"[20, 9]",astar
100,0.5,0.5,False,8,77,1057.0,1057.0,16,0.0,4,"[8, 53, 45, 77]",astar
100,0.5,0.5,False,65,43,1118.0,1118.0,21,0.0,4,"[65, 5, 31, 43]",astar
100,0.5,0.5,False,43,85,763.0,763.0,10,0.0,3,"[43, 0, 85]",astar
100,0.5,0.5,False,8,69,429.0,429.0,2,0.0,2,"[8, 69]",astar
100,0.5,0.5,False,20,9,491.0,491.0,3,0.0,2,"[20, 9]",astar
100,0.5,0.8,False,8,77,1209.0,1209.0,20,0.0,4,"[8, 53, 45, 77]",astar
100,0.5,0.8,False,65,43,1314.0,1314.0,40,0.0,4,"[65, 5, 31, 43]",astar
100,0.5,0.8,False,43,85,894.0,894.0,17,0.0,3,"[43, 0, 85]",astar
100,0.5,0.8,False,8,69,549.0,549.0,2,0.0,2,"[8, 69]",astar
100,0.5,0.8,False,20,9,523.0,523.0,4,0.0,2,"[20, 9]",astar
100,0.8,0.0,False,8,77,754.0,754.0,2,0.0,2,"[8, 77]",astar
100,0.8,0.0,False,65,43,720.0,720.0,2,0.0,2,"[65, 43]",astar
100,0.8,0.0,False,43,85,435.0,435.0,2,0.0,2,"[43, 85]",astar
100,0.8,0.0,False,8,69,229.0,229.0,2,0.0,2,"[8, 69]",astar
100,0.8,0.0,False,20,9,439.0,439.0,2,0.0,2,"[20, 9]",astar
100,0.8,0.0,True,8,77,754.0,754.0,103,0.0,2,"[8, 77]",spfa
100,0.8,0.0,True,65,43,720.0,720.0,103,0.0,2,"[65, 43]",spfa
100,0.8,0.0,True,43,85,435.0,435.0,105,0.0,2,"[43, 85]",spfa
100,0.8,0.0,True,8,69,229.0,229.0,103,0.0,2,"[8, 69]",spfa
100,0.8,0.0,True,20,9,439.0,439.0,104,0.0,2,"[20, 9]",spfa
100,0.8,0.1,False,8,77,782.0,782.0,5,0.0,3,"[8, 44, 77]",astar
100,0.8,0.1,False,65,43,721.0,721.0,2,0.0,2,"[65, 43]",astar
100,0.8,0.1,False,43,85,490.0,490.0,5,0.0,3,"[43, 40, 85]",astar
100,0.8,0.1,False,8,69,269.0,269.0,2,0.0,2,"[8, 69]",astar
100,0.8,0.1,False,20,9,450.0,450.0,2,0.0,2,"[20, 9]",astar
100,0.8,0.5,False,8,77,843.0,843.0,6,0.0,3,"[8, 44, 77]",astar
100,0.8,0.5,False,65,43,725.0,725.0,2,0.0,2,"[65, 43]",astar
100,0.8,0.5,False,43,85,572.0,572.0,4,0.0,3,"[43, 40, 85]",astar
100,0.8,0.5,False,8,69,429.0,429.0,2,0.0,2,"[8, 69]",astar
100,0.8,0.5,False,20,9,491.0,491.0,3,0.0,2,"[20, 9]",astar
100,0.8,0.8,False,8,77,889.0,889.0,6,0.0,3,"[8, 44, 77]",astar
100,0.8,0.8,False,65,43,727.0,727.0,2,0.0,2,"[65, 43]",astar
100,0.8,0.8,False,43,85,633.0,633.0,6,0.0,3,"[43, 40, 85]",astar
100,0.8,0.8,False,8,69,549.0,549.0,2,0.0,2,"[8, 69]",astar
100,0.8,0.8,False,20,9,523.0,523.0,5,0.0,2,"[20, 9]",astar
100,1.0,0.0,False,8,77,754.0,754.0,2,0.0,2,"[8, 77]",astar
100,1.0,0.0,False,65,43,720.0,720.0,2,0.0,2,"[65, 43]",astar
100,1.0,0.0,False,43,85,434.0,434.0,3,0.0,3,"[43, 70, 85]",astar
100,1.0,0.0,False,8,69,229.0,229.0,2,0.0,2,"[8, 69]",astar
100,1.0,0.0,False,20,9,439.0,439.0,2,0.0,2,"[20, 9]",astar
100,1.0,0.0,True,8,77,754.0,754.0,104,0.0,2,"[8, 77]",spfa
100,1.0,0.0,True,65,43,720.0,720.0,104,0.0,2,"[65, 43]",spfa
100,1.0,0.0,True,43,85,434.0,434.0,105,0.0,3,"[43, 70, 85]",spfa
100,1.0,0.0,True,8,69,229.0,229.0,104,0.0,2,"[8, 69]",spfa
100,1.0,0.0,True,20,9,439.0,439.0,103,0.0,2,"[20, 9]",spfa
100,1.0,0.1,False,8,77,782.0,782.0,5,0.0,3,"[8, 44, 77]",astar
100,1.0,0.1,False,65,43,721.0,721.0,2,0.0,2,"[65, 43]",astar
100,1.0,0.1,False,43,85,490.0,490.0,6,0.0,3,"[43, 40, 85]",astar
100,1.0,0.1,False,8,69,269.0,269.0,2,0.0,2,"[8, 69]",astar
100,1.0,0.1,False,20,9,450.0,450.0,2,0.0,2,"[20, 9]",astar
100,1.0,0.5,False,8,77,843.0,843.0,6,0.0,3,"[8, 44, 77]",astar
100,1.0,0.5,False,65,43,725.0,725.0,2,0.0,2,"[65, 43]",astar
100,1.0,0.5,False,43,85,572.0,572.0,4,0.0,3,"[43, 40, 85]",astar
100,1.0,0.5,False,8,69,429.0,429.0,2,0.0,2,"[8, 69]",astar
100,1.0,0.5,False,20,9,491.0,491.0,3,0.0,2,"[20, 9]",astar
100,1.0,0.8,False,8,77,889.0,889.0,6,0.0,3,"[8, 44, 77]",astar
100,1.0,0.8,False,65,43,727.0,727.0,2,0.0,2,"[65, 43]",astar
100,1.0,0.8,False,43,85,633.0,633.0,6,0.0,3,"[43, 40, 85]",astar
100,1.0,0.8,False,8,69,549.0,549.0,2,0.0,2,"[8, 69]",astar
100,1.0,0.8,False,20,9,523.0,523.0,5,0.0,2,"[20, 9]",astar
200,0.2,0.0,False,17,154,391.0,391.0,11,0.0,5,"[17, 126, 157, 186, 154]",astar
200,0.2,0.0,False,130,87,780.0,780.0,4,0.0,4,"[130, 14, 187, 87]",astar
200,0.2,0.0,False,86,171,644.0,644.0,2,0.0,2,"[86, 171]",astar
200,0.2,0.0,False,17,139,778.0,778.0,7,0.0,4,"[17, 123, 83, 139]",astar
200,0.2,0.0,False,40,18,579.0,579.0,8,0.0,4,"[40, 151, 85, 18]",astar
200,0.2,0.0,True,17,154,391.0,391.0,234,0.0,5,"[17, 126, 157, 186, 154]",spfa
200,0.2,0.0,True,130,87,780.0,780.0,237,0.0,4,"[130, 14, 187, 87]",spfa
200,0.2,0.0,True,86,171,644.0,644.0,240,0.0,2,"[86, 171]",spfa
200,0.2,0.0,True,17,139,778.0,778.0,234,0.0,4,"[17, 123, 83, 139]",spfa
200,0.2,0.0,True,40,18,579.0,579.0,243,0.0,4,"[40, 151, 85, 18]",spfa
200,0.2,0.1,False,17,154,548.0,548.0,17,0.0,3,"[17, 97, 154]",astar
200,0.2,0.1,False,130,87,825.0,825.0,4,0.0,3,"[130, 35, 87]",astar
200,0.2,0.1,False,86,171,686.0,686.0,4,0.0,2,"[86, 171]",astar
200,0.2,0.1,False,17,139,863.0,863.0,12,0.0,3,"[17, 199, 139]",astar
200,0.2,0.1,False,40,18,673.0,673.0,12,0.0,4,"[40, 151, 85, 18]",astar
200,0.2,0.5,False,17,154,997.0,997.0,31,0.0,3,"[17, 97, 154]",astar
200,0.2,0.5,False,130,87,962.0,962.0,5,0.0,4,"[130, 62, 187, 87]",astar
200,0.2,0.5,False,86,171,855.0,855.0,8,0.0,2,"[86, 171]",astar
200,0.2,0.5,False,17,139,967.0,967.0,11,0.0,3,"[17, 199, 139]",astar
200,0.2,0.5,False,40,18,853.0,853.0,9,0.0,3,"[40, 136, 18]",astar
200,0.2,0.8,False,17,154,1334.0,1334.0,63,0.0,3,"[17, 97, 154]",astar
200,0.2,0.8,False,130,87,1049.0,1049.0,4,0.0,4,"[130, 62, 187, 87]",astar
200,0.2,0.8,False,86,171,983.0,983.0,10,0.0,2,"[86, 171]",astar
200,0.2,0.8,False,17,139,1045.0,1045.0,11,0.0,3,"[17, 199, 139]",astar
200,0.2,0.8,False,40,18,898.0,898.0,8,0.0,3,"[40, 136, 18]",astar
200,0.5,0.0,False,17,154,211.0,211.0,4,0.0,3,"[17, 63, 154]",astar
200,0.5,0.0,False,130,87,780.0,780.0,3,0.0,2,"[130, 87]",astar
200,0.5,0.0,False,86,171,644.0,644.0,4,0.0,2,"[86, 171]",astar
200,0.5,0.0,False,17,139,776.0,776.0,5,0.0,3,"[17, 52, 139]",astar
200,0.5,0.0,False,40,18,539.0,539.0,4,0.0,3,"[40, 123, 18]",astar
200,0.5,0.0,True,17,154,211.0,211.0,211,0.0,3,"[17, 63, 154]",spfa
200,0.5,0.0,True,130,87,780.0,780.0,208,0.0,2,"[130, 87]",spfa
200,0.5,0.0,True,86,171,644.0,644.0,213,0.0,2,"[86, 171]",spfa
200,0.5,0.0,True,17,139,776.0,776.0,211,0.0,3,"[17, 52, 139]",spfa
200,0.5,0.0,True,40,18,539.0,539.0,205,0.0,3,"[40, 123, 18]",spfa
200,0.5,0.1,False,17,154,335.0,335.0,10,0.0,3,"[17, 63, 154]",astar
200,0.5,0.1,False,130,87,825.0,825.0,7,0.0,3,"[130, 35, 87]",astar
200,0.5,0.1,False,86,171,686.0,686.0,5,0.0,2,"[86, 171]",astar
200,0.5,0.1,False,17,139,835.0,835.0,23,0.0,4,"[17, 142, 32, 139]",astar
200,0.5,0.1,False,40,18,601.0,601.0,8,0.0,3,"[40, 123, 18]",astar
200,0.5,0.5,False,17,154,607.0,607.0,18,0.0,3,"[17, 53, 154]",astar
200,0.5,0.5,False,130,87,962.0,962.0,17,0.0,4,"[130, 62, 187, 87]",astar
200,0.5,0.5,False,86,171,848.0,848.0,15,0.0,3,"[86, 107, 171]",astar
200,0.5,0.5,False,17,139,966.0,966.0,32,0.0,4,"[17, 72, 7, 139]",astar
200,0.5,0.5,False,40,18,850.0,850.0,40,0.0,3,"[40, 123, 18]",astar
200,0.5,0.8,False,17,154,784.0,784.0,27,0.0,3,"[17, 53, 154]",astar
200,0.5,0.8,False,130,87,1049.0,1049.0,18,0.0,4,"[130, 62, 187, 87]",astar
200,0.5,0.8,False,86,171,951.0,951.0,18,0.0,3,"[86, 153, 171]",astar
200,0.5,0.8,False,17,139,1014.0,1014.0,30,0.0,4,"[17, 72, 7, 139]",astar
200,0.5,0.8,False,40,18,898.0,898.0,38,0.0,3,"[40, 136, 18]",astar
200,0.8,0.0,False,17,154,209.0,209.0,2,0.0,2,"[17, 154]",astar
200,0.8,0.0,False,130,87,779.0,779.0,4,0.0,4,"[130, 45, 14, 87]",astar
200,0.8,0.0,False,86,171,644.0,644.0,4,0.0,2,"[86, 171]",astar
200,0.8,0.0,False,17,139,776.0,776.0,2,0.0,2,"[17, 139]",astar
200,0.8,0.0,False,40,18,539.0,539.0,2,0.0,2,"[40, 18]",astar
200,0.8,0.0,True,17,154,209.0,209.0,214,0.0,2,"[17, 154]",spfa
200,0.8,0.0,True,130,87,779.0,779.0,214,0.0,4,"[130, 45, 14, 87]",spfa
200,0.8,0.0,True,86,171,644.0,644.0,213,0.0,2,"[86, 171]",spfa
200,0.8,0.0,True,17,139,776.0,776.0,214,0.0,2,"[17, 139]",spfa
200,0.8,0.0,True,40,18,539.0,539.0,203,0.0,2,"[40, 18]",spfa
200,0.8,0.1,False,17,154,216.0,216.0,3,0.0,2,"[17, 154]",astar
200,0.8,0.1,False,130,87,802.0,802.0,5,0.0,3,"[130, 187, 87]",astar
200,0.8,0.1,False,86,171,686.0,686.0,7,0.0,2,"[86, 171]",astar
200,0.8,0.1,False,17,139,785.0,785.0,2,0.0,2,"[17, 139]",astar
200,0.8,0.1,False,40,18,563.0,563.0,6,0.0,3,"[40, 138, 18]",astar
200,0.8,0.5,False,17,154,244.0,244.0,3,0.0,2,"[17, 154]",astar
200,0.8,0.5,False,130,87,890.0,890.0,12,0.0,3,"[130, 187, 87]",astar
200,0.8,0.5,False,86,171,848.0,848.0,27,0.0,3,"[86, 107, 171]",astar
200,0.8,0.5,False,17,139,823.0,823.0,2,0.0,2,"[17, 139]",astar
200,0.8,0.5,False,40,18,587.0,587.0,3,0.0,3,"[40, 73, 18]",astar
200,0.8,0.8,False,17,154,264.0,264.0,3,0.0,2,"[17, 154]",astar
200,0.8,0.8,False,130,87,940.0,940.0,16,0.0,5,"[130, 19, 47, 35, 87]",astar
200,0.8,0.8,False,86,171,951.0,951.0,35,0.0,3,"[86, 153, 171]",astar
200,0.8,0.8,False,17,139,851.0,851.0,4,0.0,2,"[17, 139]",astar
200,0.8,0.8,False,40,18,604.0,604.0,3,0.0,3,"[40, 73, 18]",astar
200,1.0,0.0,False,17,154,209.0,209.0,2,0.0,2,"[17, 154]",astar
200,1.0,0.0,False,130,87,779.0,779.0,4,0.0,4,"[130, 45, 44, 87]",astar
200,1.0,0.0,False,86,171,644.0,644.0,4,0.0,2,"[86, 171]",astar
200,1.0,0.0,False,17,139,776.0,776.0,2,0.0,2,"[17, 139]",astar
200,1.0,0.0,False,40,18,539.0,539.0,2,0.0,2,"[40, 18]",astar
200,1.0,0.0,True,17,154,209.0,209.0,216,0.0,2,"[17, 154]",spfa
200,1.0,0.0,True,130,87,779.0,779.0,231,0.0,4,"[130, 45, 14, 87]",spfa
200,1.0,0.0,True,86,171,644.0,644.0,219,0.0,2,"[86, 171]",spfa
200,1.0,0.0,True,17,139,776.0,776.0,216,0.0,2,"[17, 139]",spfa
200,1.0,0.0,True,40,18,539.0,539.0,205,0.0,2,"[40, 18]",spfa
200,1.0,0.1,False,17,154,216.0,216.0,3,0.0,2,"[17, 154]",astar
200,1.0,0.1,False,130,87,802.0,802.0,5,0.0,3,"[130, 187, 87]",astar
200,1.0,0.1,False,86,171,686.0,686.0,9,0.0,2,"[86, 171]",astar
200,1.0,0.1,False,17,139,785.0,785.0,2,0.0,2,"[17, 139]",astar
200,1.0,0.1,False,40,18,563.0,563.0,6,0.0,3,"[40, 138, 18]",astar
200,1.0,0.5,False,17,154,244.0,244.0,3,0.0,2,"[17, 154]",astar
200,1.0,0.5,False,130,87,867.0,867.0,12,0.0,4,"[130, 103, 35, 87]",astar
200,1.0,0.5,False,86,171,777.0,777.0,16,0.0,5,"[86, 159, 39, 149, 171]",astar
200,1.0,0.5,False,17,139,823.0,823.0,2,0.0,2,"[17, 139]",astar
200,1.0,0.5,False,40,18,587.0,587.0,3,0.0,3,"[40, 73, 18]",astar
200,1.0,0.8,False,17,154,264.0,264.0,3,0.0,2,"[17, 154]",astar
200,1.0,0.8,False,130,87,910.0,910.0,14,0.0,4,"[130, 103, 35, 87]",astar
200,1.0,0.8,False,86,171,840.0,840.0,17,0.0,5,"[86, 159, 39, 149, 171]",astar
200,1.0,0.8,False,17,139,851.0,851.0,4,0.0,2,"[17, 139]",astar
200,1.0,0.8,False,40,18,604.0,604.0,3,0.0,3,"[40, 73, 18]",astar
